{
    "Accuracy": 0.8911968348170128,
    "Precision": 0.9120090364927369,
    "Recall": 0.8911968348170128,
    "F1 Score": 0.8870254309770075,
    "Classification Report": {
        "Class metrics": {
            "0": {
                "Precision": 0.99,
                "Recall": 0.66,
                "F1 Score": 0.79,
                "Support": 306
            },
            "1": {
                "Precision": 0.96,
                "Recall": 0.99,
                "F1 Score": 0.98,
                "Support": 405
            },
            "2": {
                "Precision": 0.76,
                "Recall": 0.99,
                "F1 Score": 0.86,
                "Support": 300
            }
        },
        "Global metrics": {
            "accuracy": {
                "f1-score": 0.89,
                "support": 1011
            },
            "macro avg": {
                "precision": 0.91,
                "recall": 0.88,
                "f1-score": 0.88,
                "support": 1011
            },
            "weighted avg": {
                "precision": 0.91,
                "recall": 0.89,
                "f1-score": 0.89,
                "support": 1011
            }
        }
    }
}