{
    "Accuracy": 0.8793273986152325,
    "Precision": 0.879339604435637,
    "Recall": 0.8793273986152325,
    "F1 Score": 0.8766481275697653,
    "Classification Report": {
        "Class metrics": {
            "0": {
                "Precision": 0.88,
                "Recall": 0.74,
                "F1 Score": 0.8,
                "Support": 306
            },
            "1": {
                "Precision": 0.89,
                "Recall": 0.94,
                "F1 Score": 0.91,
                "Support": 405
            },
            "2": {
                "Precision": 0.87,
                "Recall": 0.94,
                "F1 Score": 0.9,
                "Support": 300
            }
        },
        "Global metrics": {
            "accuracy": {
                "f1-score": 0.88,
                "support": 1011
            },
            "macro avg": {
                "precision": 0.88,
                "recall": 0.87,
                "f1-score": 0.87,
                "support": 1011
            },
            "weighted avg": {
                "precision": 0.88,
                "recall": 0.88,
                "f1-score": 0.88,
                "support": 1011
            }
        }
    }
}