{
    "Accuracy": 0.8862512363996043,
    "Precision": 0.9055348960764726,
    "Recall": 0.8862512363996043,
    "F1 Score": 0.8827247376171674,
    "Classification Report": {
        "Class metrics": {
            "0": {
                "Precision": 0.98,
                "Recall": 0.67,
                "F1 Score": 0.79,
                "Support": 306
            },
            "1": {
                "Precision": 0.96,
                "Recall": 0.98,
                "F1 Score": 0.97,
                "Support": 405
            },
            "2": {
                "Precision": 0.76,
                "Recall": 0.98,
                "F1 Score": 0.86,
                "Support": 300
            }
        },
        "Global metrics": {
            "accuracy": {
                "f1-score": 0.89,
                "support": 1011
            },
            "macro avg": {
                "precision": 0.9,
                "recall": 0.88,
                "f1-score": 0.87,
                "support": 1011
            },
            "weighted avg": {
                "precision": 0.91,
                "recall": 0.89,
                "f1-score": 0.88,
                "support": 1011
            }
        }
    }
}