{
    "Accuracy": 0.884272997032641,
    "Precision": 0.9057084743428535,
    "Recall": 0.884272997032641,
    "F1 Score": 0.8803317116141738,
    "Classification Report": {
        "Class metrics": {
            "0": {
                "Precision": 0.98,
                "Recall": 0.65,
                "F1 Score": 0.78,
                "Support": 306
            },
            "1": {
                "Precision": 0.96,
                "Recall": 0.98,
                "F1 Score": 0.97,
                "Support": 405
            },
            "2": {
                "Precision": 0.75,
                "Recall": 0.99,
                "F1 Score": 0.85,
                "Support": 300
            }
        },
        "Global metrics": {
            "accuracy": {
                "f1-score": 0.88,
                "support": 1011
            },
            "macro avg": {
                "precision": 0.9,
                "recall": 0.87,
                "f1-score": 0.87,
                "support": 1011
            },
            "weighted avg": {
                "precision": 0.91,
                "recall": 0.88,
                "f1-score": 0.88,
                "support": 1011
            }
        }
    }
}