{
    "Accuracy": 0.8595450049455984,
    "Precision": 0.8874450746518415,
    "Recall": 0.8595450049455984,
    "F1 Score": 0.8553318284019072,
    "Classification Report": {
        "Class metrics": {
            "0": {
                "Precision": 0.96,
                "Recall": 0.61,
                "F1 Score": 0.75,
                "Support": 306
            },
            "1": {
                "Precision": 0.96,
                "Recall": 0.97,
                "F1 Score": 0.97,
                "Support": 405
            },
            "2": {
                "Precision": 0.71,
                "Recall": 0.97,
                "F1 Score": 0.82,
                "Support": 300
            }
        },
        "Global metrics": {
            "accuracy": {
                "f1-score": 0.86,
                "support": 1011
            },
            "macro avg": {
                "precision": 0.88,
                "recall": 0.85,
                "f1-score": 0.84,
                "support": 1011
            },
            "weighted avg": {
                "precision": 0.89,
                "recall": 0.86,
                "f1-score": 0.86,
                "support": 1011
            }
        }
    }
}