{
    "Accuracy": 0.8852621167161226,
    "Precision": 0.9053460086564211,
    "Recall": 0.8852621167161226,
    "F1 Score": 0.8799816334954265,
    "Classification Report": {
        "Class metrics": {
            "0": {
                "Precision": 0.98,
                "Recall": 0.64,
                "F1 Score": 0.78,
                "Support": 306
            },
            "1": {
                "Precision": 0.95,
                "Recall": 0.99,
                "F1 Score": 0.97,
                "Support": 405
            },
            "2": {
                "Precision": 0.76,
                "Recall": 0.99,
                "F1 Score": 0.86,
                "Support": 300
            }
        },
        "Global metrics": {
            "accuracy": {
                "f1-score": 0.89,
                "support": 1011
            },
            "macro avg": {
                "precision": 0.9,
                "recall": 0.87,
                "f1-score": 0.87,
                "support": 1011
            },
            "weighted avg": {
                "precision": 0.91,
                "recall": 0.89,
                "f1-score": 0.88,
                "support": 1011
            }
        }
    }
}