{
    "Accuracy": 0.8931750741839762,
    "Precision": 0.9079030123238745,
    "Recall": 0.8931750741839762,
    "F1 Score": 0.8903723799359002,
    "Classification Report": {
        "Class metrics": {
            "0": {
                "Precision": 0.96,
                "Recall": 0.69,
                "F1 Score": 0.81,
                "Support": 306
            },
            "1": {
                "Precision": 0.97,
                "Recall": 0.99,
                "F1 Score": 0.98,
                "Support": 405
            },
            "2": {
                "Precision": 0.77,
                "Recall": 0.97,
                "F1 Score": 0.86,
                "Support": 300
            }
        },
        "Global metrics": {
            "accuracy": {
                "f1-score": 0.89,
                "support": 1011
            },
            "macro avg": {
                "precision": 0.9,
                "recall": 0.88,
                "f1-score": 0.88,
                "support": 1011
            },
            "weighted avg": {
                "precision": 0.91,
                "recall": 0.89,
                "f1-score": 0.89,
                "support": 1011
            }
        }
    }
}