{
    "Accuracy": 0.8704253214638972,
    "Precision": 0.8896971868461683,
    "Recall": 0.8704253214638972,
    "F1 Score": 0.8657473790851316,
    "Classification Report": {
        "Class metrics": {
            "0": {
                "Precision": 0.95,
                "Recall": 0.63,
                "F1 Score": 0.76,
                "Support": 306
            },
            "1": {
                "Precision": 0.95,
                "Recall": 0.97,
                "F1 Score": 0.96,
                "Support": 405
            },
            "2": {
                "Precision": 0.74,
                "Recall": 0.98,
                "F1 Score": 0.84,
                "Support": 300
            }
        },
        "Global metrics": {
            "accuracy": {
                "f1-score": 0.87,
                "support": 1011
            },
            "macro avg": {
                "precision": 0.88,
                "recall": 0.86,
                "f1-score": 0.86,
                "support": 1011
            },
            "weighted avg": {
                "precision": 0.89,
                "recall": 0.87,
                "f1-score": 0.87,
                "support": 1011
            }
        }
    }
}