{
    "Accuracy": 0.8130563798219584,
    "Precision": 0.8075842925620373,
    "Recall": 0.8130563798219584,
    "F1 Score": 0.8094555565188934,
    "Classification Report": {
        "Class metrics": {
            "0": {
                "Precision": 0.71,
                "Recall": 0.71,
                "F1 Score": 0.71,
                "Support": 306
            },
            "1": {
                "Precision": 0.94,
                "Recall": 1.0,
                "F1 Score": 0.97,
                "Support": 405
            },
            "2": {
                "Precision": 0.73,
                "Recall": 0.67,
                "F1 Score": 0.7,
                "Support": 300
            }
        },
        "Global metrics": {
            "accuracy": {
                "f1-score": 0.81,
                "support": 1011
            },
            "macro avg": {
                "precision": 0.79,
                "recall": 0.79,
                "f1-score": 0.79,
                "support": 1011
            },
            "weighted avg": {
                "precision": 0.81,
                "recall": 0.81,
                "f1-score": 0.81,
                "support": 1011
            }
        }
    }
}