{
    "Accuracy": 0.8783382789317508,
    "Precision": 0.893557979996037,
    "Recall": 0.8783382789317508,
    "F1 Score": 0.8742294961930024,
    "Classification Report": {
        "Class metrics": {
            "0": {
                "Precision": 0.94,
                "Recall": 0.65,
                "F1 Score": 0.77,
                "Support": 306
            },
            "1": {
                "Precision": 0.96,
                "Recall": 0.98,
                "F1 Score": 0.97,
                "Support": 405
            },
            "2": {
                "Precision": 0.76,
                "Recall": 0.97,
                "F1 Score": 0.85,
                "Support": 300
            }
        },
        "Global metrics": {
            "accuracy": {
                "f1-score": 0.88,
                "support": 1011
            },
            "macro avg": {
                "precision": 0.89,
                "recall": 0.87,
                "f1-score": 0.86,
                "support": 1011
            },
            "weighted avg": {
                "precision": 0.89,
                "recall": 0.88,
                "f1-score": 0.87,
                "support": 1011
            }
        }
    }
}