{
    "Accuracy": 0.8852621167161226,
    "Precision": 0.9040403649904479,
    "Recall": 0.8852621167161226,
    "F1 Score": 0.8826341385801602,
    "Classification Report": {
        "Class metrics": {
            "0": {
                "Precision": 0.95,
                "Recall": 0.67,
                "F1 Score": 0.79,
                "Support": 306
            },
            "1": {
                "Precision": 0.98,
                "Recall": 0.98,
                "F1 Score": 0.98,
                "Support": 405
            },
            "2": {
                "Precision": 0.75,
                "Recall": 0.98,
                "F1 Score": 0.85,
                "Support": 300
            }
        },
        "Global metrics": {
            "accuracy": {
                "f1-score": 0.89,
                "support": 1011
            },
            "macro avg": {
                "precision": 0.89,
                "recall": 0.88,
                "f1-score": 0.87,
                "support": 1011
            },
            "weighted avg": {
                "precision": 0.9,
                "recall": 0.89,
                "f1-score": 0.88,
                "support": 1011
            }
        }
    }
}