{
    "Accuracy": 0.9070227497527201,
    "Precision": 0.9099575713334321,
    "Recall": 0.9070227497527201,
    "F1 Score": 0.9046274549931811,
    "Classification Report": {
        "Class metrics": {
            "0": {
                "Precision": 0.94,
                "Recall": 0.76,
                "F1 Score": 0.84,
                "Support": 306
            },
            "1": {
                "Precision": 0.91,
                "Recall": 0.98,
                "F1 Score": 0.94,
                "Support": 405
            },
            "2": {
                "Precision": 0.87,
                "Recall": 0.96,
                "F1 Score": 0.91,
                "Support": 300
            }
        },
        "Global metrics": {
            "accuracy": {
                "f1-score": 0.91,
                "support": 1011
            },
            "macro avg": {
                "precision": 0.91,
                "recall": 0.9,
                "f1-score": 0.9,
                "support": 1011
            },
            "weighted avg": {
                "precision": 0.91,
                "recall": 0.91,
                "f1-score": 0.9,
                "support": 1011
            }
        }
    }
}