{
    "Accuracy": 0.7576656775469832,
    "Precision": 0.7597796899029668,
    "Recall": 0.7576656775469832,
    "F1 Score": 0.7581513124335186,
    "Classification Report": {
        "Class metrics": {
            "0": {
                "Precision": 0.7,
                "Recall": 0.76,
                "F1 Score": 0.73,
                "Support": 306
            },
            "1": {
                "Precision": 0.8,
                "Recall": 0.76,
                "F1 Score": 0.78,
                "Support": 405
            },
            "2": {
                "Precision": 0.77,
                "Recall": 0.75,
                "F1 Score": 0.76,
                "Support": 300
            }
        },
        "Global metrics": {
            "accuracy": {
                "f1-score": 0.76,
                "support": 1011
            },
            "macro avg": {
                "precision": 0.76,
                "recall": 0.76,
                "f1-score": 0.76,
                "support": 1011
            },
            "weighted avg": {
                "precision": 0.76,
                "recall": 0.76,
                "f1-score": 0.76,
                "support": 1011
            }
        }
    }
}