{
    "Accuracy": 0.8803165182987142,
    "Precision": 0.9005774136102355,
    "Recall": 0.8803165182987142,
    "F1 Score": 0.8751972585193815,
    "Classification Report": {
        "Class metrics": {
            "0": {
                "Precision": 0.97,
                "Recall": 0.64,
                "F1 Score": 0.77,
                "Support": 306
            },
            "1": {
                "Precision": 0.96,
                "Recall": 0.98,
                "F1 Score": 0.97,
                "Support": 405
            },
            "2": {
                "Precision": 0.75,
                "Recall": 0.99,
                "F1 Score": 0.86,
                "Support": 300
            }
        },
        "Global metrics": {
            "accuracy": {
                "f1-score": 0.88,
                "support": 1011
            },
            "macro avg": {
                "precision": 0.89,
                "recall": 0.87,
                "f1-score": 0.86,
                "support": 1011
            },
            "weighted avg": {
                "precision": 0.9,
                "recall": 0.88,
                "f1-score": 0.88,
                "support": 1011
            }
        }
    }
}