{
    "Accuracy": 0.9129574678536103,
    "Precision": 0.9133660238512928,
    "Recall": 0.9129574678536103,
    "F1 Score": 0.9116404393748994,
    "Classification Report": {
        "Class metrics": {
            "0": {
                "Precision": 0.92,
                "Recall": 0.81,
                "F1 Score": 0.86,
                "Support": 306
            },
            "1": {
                "Precision": 0.92,
                "Recall": 0.97,
                "F1 Score": 0.94,
                "Support": 405
            },
            "2": {
                "Precision": 0.9,
                "Recall": 0.94,
                "F1 Score": 0.92,
                "Support": 300
            }
        },
        "Global metrics": {
            "accuracy": {
                "f1-score": 0.91,
                "support": 1011
            },
            "macro avg": {
                "precision": 0.91,
                "recall": 0.91,
                "f1-score": 0.91,
                "support": 1011
            },
            "weighted avg": {
                "precision": 0.91,
                "recall": 0.91,
                "f1-score": 0.91,
                "support": 1011
            }
        }
    }
}