{
    "Accuracy": 0.7210682492581603,
    "Precision": 0.71551930136756,
    "Recall": 0.7210682492581603,
    "F1 Score": 0.7143724877140669,
    "Classification Report": {
        "Class metrics": {
            "0": {
                "Precision": 0.62,
                "Recall": 0.48,
                "F1 Score": 0.54,
                "Support": 306
            },
            "1": {
                "Precision": 0.83,
                "Recall": 0.86,
                "F1 Score": 0.85,
                "Support": 405
            },
            "2": {
                "Precision": 0.66,
                "Recall": 0.77,
                "F1 Score": 0.71,
                "Support": 300
            }
        },
        "Global metrics": {
            "accuracy": {
                "f1-score": 0.72,
                "support": 1011
            },
            "macro avg": {
                "precision": 0.7,
                "recall": 0.71,
                "f1-score": 0.7,
                "support": 1011
            },
            "weighted avg": {
                "precision": 0.72,
                "recall": 0.72,
                "f1-score": 0.71,
                "support": 1011
            }
        }
    }
}