{
    "Accuracy": 0.8249258160237388,
    "Precision": 0.8274985114248798,
    "Recall": 0.8249258160237388,
    "F1 Score": 0.8172398602766161,
    "Classification Report": {
        "Class metrics": {
            "0": {
                "Precision": 0.83,
                "Recall": 0.58,
                "F1 Score": 0.68,
                "Support": 306
            },
            "1": {
                "Precision": 0.88,
                "Recall": 0.96,
                "F1 Score": 0.92,
                "Support": 405
            },
            "2": {
                "Precision": 0.75,
                "Recall": 0.9,
                "F1 Score": 0.82,
                "Support": 300
            }
        },
        "Global metrics": {
            "accuracy": {
                "f1-score": 0.82,
                "support": 1011
            },
            "macro avg": {
                "precision": 0.82,
                "recall": 0.81,
                "f1-score": 0.81,
                "support": 1011
            },
            "weighted avg": {
                "precision": 0.83,
                "recall": 0.82,
                "f1-score": 0.82,
                "support": 1011
            }
        }
    }
}