{
    "Accuracy": 0.923837784371909,
    "Precision": 0.9228660775061527,
    "Recall": 0.923837784371909,
    "F1 Score": 0.9231874922937492,
    "Classification Report": {
        "Class metrics": {
            "0": {
                "Precision": 0.89,
                "Recall": 0.87,
                "F1 Score": 0.88,
                "Support": 306
            },
            "1": {
                "Precision": 0.97,
                "Recall": 1.0,
                "F1 Score": 0.98,
                "Support": 405
            },
            "2": {
                "Precision": 0.9,
                "Recall": 0.87,
                "F1 Score": 0.89,
                "Support": 300
            }
        },
        "Global metrics": {
            "accuracy": {
                "f1-score": 0.92,
                "support": 1011
            },
            "macro avg": {
                "precision": 0.92,
                "recall": 0.92,
                "f1-score": 0.92,
                "support": 1011
            },
            "weighted avg": {
                "precision": 0.92,
                "recall": 0.92,
                "f1-score": 0.92,
                "support": 1011
            }
        }
    }
}